,last_move,predicted_position,target_position,shape,region,color,steps,time,total_steps_taken
0,grip,[10 12],[10 12],T,center,cyan,5,3.2937095165252686,"['down', 'down', 'right', 'down', 'grip']"
1,grip,[15 16],[15 16],T,bottom right,blue,14,5.993676424026489,"['down', 'down', 'down', 'right', 'down', 'right', 'right', 'right', 'down', 'down', 'right', 'down', 'right', 'grip']"
2,grip,[11 10],[11 10],T,center,magenta,4,1.8097305297851562,"['right', 'down', 'right', 'grip']"
3,grip,[ 5 15],[ 5 15],T,bottom left,magenta,11,4.97634482383728,"['down', 'down', 'left', 'down', 'down', 'left', 'left', 'down', 'left', 'down', 'grip']"
4,grip,[15  2],[15  2],Z,top right,blue,14,6.015933513641357,"['up', 'up', 'up', 'up', 'right', 'up', 'right', 'right', 'up', 'right', 'right', 'up', 'right', 'grip']"
5,grip,[6 8],[6 8],T,center,green,5,2.2257070541381836,"['left', 'up', 'left', 'left', 'grip']"
6,grip,[16  5],[16  5],T,top right,yellow,12,5.163893699645996,"['up', 'right', 'up', 'right', 'up', 'right', 'right', 'right', 'right', 'up', 'right', 'grip']"
7,grip,[3 7],[3 7],T,left,yellow,9,3.9254860877990723,"['left', 'left', 'up', 'left', 'up', 'left', 'left', 'left', 'grip']"
8,grip,[13 11],[13 11],W,right,green,7,3.0503008365631104,"['right', 'right', 'right', 'down', 'right', 'down', 'grip']"
9,grip,[14  4],[14  4],P,top right,magenta,11,4.971058368682861,"['up', 'up', 'up', 'up', 'right', 'right', 'right', 'up', 'right', 'right', 'grip']"
10,grip,[16 13],[16 13],Z,bottom right,cyan,13,5.9731690883636475,"['right', 'right', 'down', 'right', 'down right', 'right', 'down', 'right', 'down', 'right', 'down', 'right', 'grip']"
11,grip,[ 7 10],[ 7 10],P,center,green,4,1.8103251457214355,"['left', 'down', 'left', 'grip']"
12,grip,[ 2 11],[ 2 11],W,left,magenta,10,4.311344385147095,"['left', 'left', 'left', 'left', 'left', 'left', 'down', 'left', 'down', 'grip']"
13,grip,[4 4],[4 4],U,top left,magenta,11,4.964816570281982,"['up', 'up', 'up', 'up', 'left', 'left', 'left', 'up', 'left', 'left', 'grip']"
14,grip,[11 13],[11 13],W,bottom,cyan,7,3.050232172012329,"['down', 'down', 'down', 'down', 'right', 'right', 'grip']"
15,grip,[8 5],[8 5],U,top,blue,6,2.6562187671661377,"['up', 'up', 'up', 'up', 'left', 'grip']"
16,grip,[ 9 11],[ 9 11],T,center,blue,3,1.388542890548706,"['down', 'down', 'grip']"
17,grip,[8 9],[8 9],U,center,yellow,2,0.9712488651275635,"['left', 'grip']"
18,grip,[15 10],[15 10],X,right,magenta,8,3.4846913814544678,"['right', 'right', 'right', 'right', 'right', 'right', 'down', 'grip']"
19,grip,[ 2 13],[ 2 13],W,bottom left,blue,12,5.145962953567505,"['left', 'left', 'left', 'down', 'left', 'down', 'left', 'down', 'left', 'left', 'down', 'grip']"
20,grip,[12  7],[12  7],W,center,red,6,2.6472086906433105,"['right', 'right', 'up', 'up', 'right', 'grip']"
21,grip,[ 6 16],[ 6 16],T,bottom,magenta,11,4.730742931365967,"['down', 'down', 'down', 'down', 'down', 'down', 'left', 'left', 'left', 'down', 'grip']"
22,grip,[10 14],[10 14],W,bottom,green,7,3.0743796825408936,"['down', 'down', 'down', 'down', 'down', 'right', 'grip']"
23,grip,[4 9],[4 9],W,left,red,6,2.6651575565338135,"['left', 'left', 'left', 'left', 'left', 'grip']"
24,grip,[ 7 15],[ 7 15],W,bottom,red,9,3.97019362449646,"['down', 'down', 'down', 'down', 'down', 'left', 'down', 'left', 'grip']"
25,grip,[ 8 13],[ 8 13],T,bottom,blue,6,2.6533255577087402,"['down', 'down', 'down', 'left', 'down', 'grip']"
26,grip,[15  5],[15  5],U,top right,red,11,4.768177270889282,"['up', 'right', 'up', 'right', 'right', 'up', 'right', 'right', 'up', 'right', 'grip']"
27,grip,[15  5],[15  5],P,top right,red,11,4.757322549819946,"['right', 'up', 'right', 'up', 'right', 'up', 'right', 'right', 'up', 'right', 'grip']"
28,grip,[ 7 13],[ 7 13],Z,bottom,yellow,7,3.070662021636963,"['down', 'down', 'left', 'down', 'left', 'down', 'grip']"
29,grip,[4 6],[4 6],Z,left,green,9,3.915433406829834,"['up', 'left', 'up', 'left', 'left', 'left', 'up', 'left', 'grip']"
30,grip,[15  5],[15  5],P,top right,red,11,4.731522560119629,"['up', 'right', 'up', 'right', 'up', 'right', 'right', 'right', 'up', 'right', 'grip']"
31,grip,[ 5 13],[ 5 13],P,bottom left,magenta,9,4.102402925491333,"['down', 'left', 'down', 'down', 'left', 'left', 'left', 'down', 'grip']"
32,grip,[14 10],[14 10],Z,right,green,7,3.05903959274292,"['right', 'right', 'right', 'right', 'down', 'right', 'grip']"
33,grip,[13 11],[13 11],U,right,yellow,7,3.0777060985565186,"['right', 'right', 'down', 'right', 'down', 'right', 'grip']"
34,grip,[6 3],[6 3],T,top,green,10,4.300148010253906,"['up', 'up', 'up', 'up', 'left', 'up', 'left', 'up', 'left', 'grip']"
35,grip,[ 9 12],[ 9 12],Z,center,cyan,4,1.8060667514801025,"['down', 'down', 'down', 'grip']"
36,grip,[12 11],[12 11],W,center,red,6,2.653291940689087,"['right', 'right', 'down', 'down', 'right', 'grip']"
37,grip,[ 8 12],[ 8 12],W,center,red,5,2.224501371383667,"['down', 'down', 'down', 'left', 'grip']"
38,grip,[ 9 16],[ 9 16],W,bottom,cyan,8,3.4788553714752197,"['down', 'down', 'down', 'down', 'down', 'down', 'down', 'grip']"
39,grip,[ 6 16],[ 6 16],T,bottom,red,11,4.740736722946167,"['down', 'down', 'down', 'down', 'down', 'down', 'left', 'left', 'left', 'down', 'grip']"
40,grip,[8 6],[8 6],U,center,cyan,5,2.222266912460327,"['up', 'up', 'up', 'left', 'grip']"
41,grip,[8 3],[8 3],U,top,red,8,3.4895946979522705,"['up', 'up', 'up', 'up', 'up', 'left', 'up', 'grip']"
42,grip,[9 4],[9 4],W,top,blue,6,2.655000686645508,"['up', 'up', 'up', 'up', 'up', 'grip']"
43,grip,[9 7],[9 7],X,center,magenta,3,1.3985886573791504,"['up', 'up', 'grip']"
44,grip,[6 7],[6 7],P,center,red,6,2.6572093963623047,"['left', 'up', 'left', 'up', 'left', 'grip']"
45,grip,[7 5],[7 5],W,top,cyan,7,3.070288896560669,"['up', 'up', 'up', 'left', 'left', 'up', 'grip']"
46,grip,[14 14],[14 14],Z,bottom right,cyan,11,5.002218246459961,"['down', 'down', 'down', 'right', 'right', 'down', 'right', 'right', 'down', 'right', 'grip']"
47,grip,[ 4 11],[ 4 11],W,left,cyan,8,3.4924139976501465,"['left', 'left', 'left', 'left', 'down', 'down', 'left', 'grip']"
48,grip,[ 5 10],[ 5 10],X,left,red,6,2.659674644470215,"['left', 'left', 'left', 'down', 'left', 'grip']"
49,grip,[6 3],[6 3],W,top,red,10,4.359094142913818,"['up', 'up', 'up', 'up', 'left', 'left', 'up', 'up', 'left', 'grip']"
50,grip,[2 3],[2 3],P,top left,yellow,14,6.03508734703064,"['up', 'up', 'up', 'left', 'left', 'up', 'up', 'left', 'left', 'up', 'left', 'left', 'left', 'grip']"
51,grip,[11 13],[11 13],X,bottom,yellow,7,3.0754363536834717,"['down', 'down', 'right', 'down', 'right', 'down', 'grip']"
52,grip,[ 4 14],[ 4 14],T,bottom left,magenta,11,4.966913461685181,"['left', 'down', 'down', 'left', 'down', 'left', 'left', 'down', 'down', 'left', 'grip']"
53,grip,[16 16],[16 16],U,bottom right,green,15,6.42397403717041,"['down', 'down', 'down', 'down', 'right', 'right', 'right', 'down', 'right', 'down', 'right', 'down', 'right', 'right', 'grip']"
54,grip,[6 5],[6 5],X,top,cyan,8,3.507769823074341,"['up', 'up', 'up', 'left', 'left', 'up', 'left', 'grip']"
55,grip,[11  4],[11  4],Z,top,red,8,3.4941506385803223,"['up', 'up', 'up', 'up', 'right', 'right', 'up', 'grip']"
56,grip,[8 6],[8 6],T,center,red,5,2.2378220558166504,"['up', 'up', 'up', 'left', 'grip']"
57,grip,[6 4],[6 4],Z,top,red,9,3.9035964012145996,"['up', 'up', 'left', 'up', 'up', 'left', 'up', 'left', 'grip']"
58,grip,[ 6 16],[ 6 16],X,bottom,cyan,11,4.738327264785767,"['down', 'down', 'down', 'down', 'down', 'left', 'down', 'left', 'down', 'left', 'grip']"
59,grip,[ 6 15],[ 6 15],P,bottom,yellow,10,4.323585748672485,"['down', 'down', 'down', 'down', 'down', 'left', 'left', 'down', 'left', 'grip']"
60,grip,[ 5 14],[ 5 14],T,bottom left,red,10,4.313605070114136,"['down', 'left', 'left', 'down', 'left', 'down', 'down', 'down', 'left', 'grip']"
61,grip,[10  6],[10  6],U,center,magenta,5,2.23416805267334,"['up', 'up', 'up', 'right', 'grip']"
62,grip,[ 2 12],[ 2 12],Z,left,yellow,11,4.771918535232544,"['left', 'left', 'left', 'left', 'left', 'left', 'down', 'down', 'down', 'left', 'grip']"
63,grip,[ 7 14],[ 7 14],U,bottom,cyan,8,3.4875545501708984,"['down', 'down', 'down', 'down', 'left', 'left', 'down', 'grip']"
64,grip,[12  2],[12  2],U,top,red,11,4.763762474060059,"['up', 'up', 'up', 'up', 'up', 'up', 'right', 'right', 'right', 'up', 'grip']"
65,grip,[10 14],[10 14],T,bottom,cyan,7,3.0730669498443604,"['down', 'down', 'down', 'down', 'down', 'right', 'grip']"
66,grip,[13  9],[13  9],P,right,green,5,2.235107660293579,"['right', 'right', 'right', 'right', 'grip']"
67,grip,[ 7 14],[ 7 14],U,bottom,cyan,8,3.4765026569366455,"['down', 'down', 'down', 'down', 'left', 'left', 'down', 'grip']"
68,grip,[ 2 14],[ 2 14],W,bottom left,green,13,5.576086521148682,"['left', 'left', 'left', 'down', 'left', 'down', 'down', 'down', 'left', 'down', 'left', 'left', 'grip']"
69,grip,[13  8],[13  8],W,right,red,6,2.6555566787719727,"['right', 'right', 'right', 'up', 'right', 'grip']"
70,grip,[16  5],[16  5],W,top right,cyan,12,5.421810626983643,"['right', 'up', 'right', 'up', 'right', 'right', 'up', 'right', 'up', 'right', 'right', 'grip']"
71,grip,[3 2],[3 2],W,top left,green,14,5.989373445510864,"['up', 'up', 'up', 'left', 'up', 'left', 'up', 'left', 'up', 'left', 'up', 'left', 'left', 'grip']"
72,grip,[ 5 12],[ 5 12],U,left,red,8,3.4903197288513184,"['left', 'left', 'left', 'down', 'down', 'left', 'down', 'grip']"
73,grip,[ 9 15],[ 9 15],X,bottom,blue,7,3.068333148956299,"['down', 'down', 'down', 'down', 'down', 'down', 'grip']"
74,grip,[7 9],[7 9],Z,center,red,3,1.3983376026153564,"['left', 'left', 'grip']"
75,grip,[7 9],[7 9],P,center,yellow,3,1.3850126266479492,"['left', 'left', 'grip']"
76,grip,[15 16],[15 16],Z,bottom right,cyan,14,6.304910898208618,"['down', 'down', 'down', 'down', 'down', 'right', 'right', 'right', 'down', 'right', 'down', 'right', 'right', 'grip']"
77,grip,[ 9 15],[ 9 15],U,bottom,magenta,7,3.0655901432037354,"['down', 'down', 'down', 'down', 'down', 'down', 'grip']"
78,grip,[9 7],[9 7],W,center,cyan,3,1.3955445289611816,"['up', 'up', 'grip']"
79,grip,[10  3],[10  3],T,top,red,8,3.49849796295166,"['up', 'up', 'up', 'up', 'up', 'right', 'up', 'grip']"
80,grip,[13  6],[13  6],X,right,magenta,8,3.5008366107940674,"['up', 'right', 'right', 'up', 'right', 'right', 'up', 'grip']"
81,grip,[ 4 11],[ 4 11],P,left,yellow,8,3.4869089126586914,"['left', 'left', 'left', 'left', 'down', 'left', 'down', 'grip']"
82,grip,[8 6],[8 6],T,center,green,5,2.2191121578216553,"['up', 'up', 'up', 'left', 'grip']"
83,grip,[ 8 13],[ 8 13],P,bottom,blue,6,2.637505531311035,"['down', 'down', 'down', 'left', 'down', 'grip']"
84,grip,[10 14],[10 14],Z,bottom,blue,7,3.0720255374908447,"['down', 'down', 'right', 'down', 'down', 'down', 'grip']"
85,grip,[10  6],[10  6],W,center,cyan,5,2.2111563682556152,"['up', 'up', 'right', 'up', 'grip']"
86,grip,[ 3 12],[ 3 12],X,left,blue,10,4.322210073471069,"['left', 'left', 'left', 'left', 'down', 'down', 'left', 'down', 'left', 'grip']"
87,grip,[11  4],[11  4],P,top,magenta,8,3.469855785369873,"['up', 'up', 'up', 'up', 'right', 'right', 'up', 'grip']"
88,grip,[ 7 10],[ 7 10],U,center,yellow,4,1.8096051216125488,"['left', 'left', 'down', 'grip']"
89,grip,[ 5 11],[ 5 11],P,left,red,7,3.060723066329956,"['left', 'left', 'left', 'down', 'left', 'down', 'grip']"
90,grip,[ 9 16],[ 9 16],W,bottom,blue,8,3.487297296524048,"['down', 'down', 'down', 'down', 'down', 'down', 'down', 'grip']"
91,grip,[12  3],[12  3],W,top,cyan,10,4.322317123413086,"['up', 'up', 'up', 'up', 'up', 'right', 'right', 'up', 'right', 'grip']"
92,grip,[11  4],[11  4],W,top,red,8,3.5015668869018555,"['up', 'up', 'up', 'up', 'right', 'right', 'up', 'grip']"
93,grip,[6 7],[6 7],X,center,red,6,2.675753116607666,"['up', 'left', 'up', 'left', 'left', 'grip']"
94,grip,[ 6 13],[ 6 13],W,bottom,red,8,3.4833502769470215,"['down', 'down', 'left', 'down', 'left', 'down', 'left', 'grip']"
95,grip,[ 4 11],[ 4 11],T,left,yellow,8,3.4654324054718018,"['left', 'left', 'left', 'left', 'down', 'left', 'down', 'grip']"
96,grip,[ 3 10],[ 3 10],P,left,magenta,8,3.4740705490112305,"['left', 'left', 'left', 'left', 'left', 'left', 'down', 'grip']"
97,grip,[16 13],[16 13],W,bottom right,cyan,12,5.392174243927002,"['right', 'down', 'right', 'right', 'down', 'right', 'right', 'down', 'right', 'down', 'right', 'grip']"
98,grip,[4 6],[4 6],U,left,red,9,3.9078855514526367,"['left', 'up', 'left', 'up', 'left', 'up', 'left', 'left', 'grip']"
99,grip,[10 11],[10 11],U,center,yellow,4,1.8162870407104492,"['down', 'down', 'right', 'grip']"
100,grip,[ 2 15],[ 2 15],U,bottom left,yellow,14,6.033746004104614,"['left', 'down', 'down', 'left', 'down', 'down', 'left', 'left', 'left', 'down', 'left', 'down', 'left', 'grip']"
101,grip,[9 4],[9 4],W,top,green,6,2.644777774810791,"['up', 'up', 'up', 'up', 'up', 'grip']"
102,grip,[16 10],[16 10],P,right,blue,9,3.927053213119507,"['right', 'right', 'right', 'right', 'right', 'right', 'right', 'down', 'grip']"
103,grip,[10 15],[10 15],W,bottom,blue,8,3.499126434326172,"['down', 'down', 'down', 'down', 'down', 'down', 'right', 'grip']"
104,grip,[10  2],[10  2],P,top,green,9,3.923142433166504,"['up', 'up', 'up', 'up', 'up', 'up', 'right', 'up', 'grip']"
105,grip,[ 2 10],[ 2 10],W,left,cyan,9,3.929212808609009,"['left', 'left', 'left', 'left', 'left', 'left', 'left', 'down', 'grip']"
106,grip,[15  2],[15  2],T,top right,blue,14,6.015089273452759,"['up', 'up', 'up', 'up', 'up', 'right', 'up', 'right', 'right', 'right', 'right', 'up', 'right', 'grip']"
107,grip,[ 6 16],[ 6 16],U,bottom,yellow,11,4.769976615905762,"['down', 'down', 'down', 'down', 'left', 'down', 'left', 'down', 'left', 'down', 'grip']"
108,grip,[12 12],[12 12],W,center,blue,7,3.087777614593506,"['right', 'down', 'right', 'down', 'right', 'down', 'grip']"
109,grip,[8 3],[8 3],Z,top,red,8,3.5116920471191406,"['up', 'up', 'up', 'up', 'up', 'up', 'left', 'grip']"
110,grip,[8 3],[8 3],U,top,blue,8,3.5020105838775635,"['up', 'up', 'up', 'up', 'up', 'up', 'left', 'grip']"
111,grip,[11 13],[11 13],T,bottom,yellow,7,3.0812783241271973,"['down', 'down', 'down', 'right', 'down', 'right', 'grip']"
112,grip,[13 11],[13 11],T,right,magenta,7,3.0540902614593506,"['right', 'right', 'down', 'right', 'right', 'down', 'grip']"
113,grip,[13 11],[13 11],X,right,red,7,3.074235439300537,"['right', 'right', 'right', 'right', 'down', 'down', 'grip']"
114,grip,[ 6 14],[ 6 14],U,bottom,blue,9,3.9339354038238525,"['down', 'down', 'down', 'left', 'left', 'down', 'down', 'left', 'grip']"
115,grip,[16 14],[16 14],X,bottom right,green,13,5.617163896560669,"['right', 'down', 'right', 'right', 'down', 'right', 'down', 'right', 'down', 'right', 'down', 'right', 'grip']"
116,grip,[ 6 15],[ 6 15],U,bottom,green,10,4.362057685852051,"['down', 'down', 'down', 'down', 'down', 'left', 'left', 'left', 'down', 'grip']"
117,grip,[ 9 11],[ 9 11],W,center,red,3,1.3887085914611816,"['down', 'down', 'grip']"
118,grip,[11  8],[11  8],X,center,yellow,4,1.8252153396606445,"['right', 'up', 'right', 'grip']"
119,grip,[16 16],[16 16],P,bottom right,blue,15,6.481621026992798,"['down', 'down', 'down', 'down', 'right', 'right', 'right', 'down', 'right', 'down', 'right', 'right', 'down', 'right', 'grip']"
120,grip,[2 2],[2 2],U,top left,cyan,15,6.803027153015137,"['up', 'up', 'up', 'up', 'left', 'up', 'left', 'left', 'up', 'up', 'left', 'left', 'left', 'left', 'grip']"
121,grip,[ 9 12],[ 9 12],X,center,red,4,1.8229587078094482,"['down', 'down', 'down', 'grip']"
122,grip,[8 6],[8 6],Z,center,yellow,5,2.246645927429199,"['up', 'up', 'up', 'left', 'grip']"
123,grip,[3 6],[3 6],W,left,red,10,4.3234193325042725,"['left', 'left', 'up', 'up', 'left', 'up', 'left', 'left', 'left', 'grip']"
124,grip,[ 8 13],[ 8 13],Z,bottom,yellow,6,2.66330623626709,"['down', 'down', 'down', 'left', 'down', 'grip']"
125,grip,[ 2 15],[ 2 15],P,bottom left,red,14,5.98677396774292,"['left', 'left', 'left', 'left', 'down', 'down', 'left', 'down', 'left', 'down', 'down', 'down', 'left', 'grip']"
126,grip,[9 3],[9 3],W,top,yellow,7,3.0802993774414062,"['up', 'up', 'up', 'up', 'up', 'up', 'grip']"
127,grip,[4 7],[4 7],T,left,green,8,3.500340223312378,"['left', 'up', 'left', 'up', 'left', 'left', 'left', 'grip']"
128,grip,[11 10],[11 10],X,center,red,4,1.8108503818511963,"['right', 'down', 'right', 'grip']"
129,grip,[2 7],[2 7],U,left,blue,10,4.335432529449463,"['left', 'left', 'left', 'left', 'up', 'left', 'up', 'left', 'left', 'grip']"
130,grip,[ 2 15],[ 2 15],U,bottom left,red,14,6.0010974407196045,"['left', 'left', 'left', 'down', 'down', 'left', 'down', 'down', 'down', 'left', 'left', 'down', 'left', 'grip']"
131,grip,[ 7 14],[ 7 14],Z,bottom,blue,8,3.5009117126464844,"['down', 'down', 'down', 'down', 'left', 'left', 'down', 'grip']"
132,grip,[11 10],[11 10],U,center,magenta,4,1.815192461013794,"['down', 'right', 'right', 'grip']"
133,grip,[ 4 14],[ 4 14],Z,bottom left,red,11,4.7278993129730225,"['left', 'down', 'left', 'down', 'left', 'down', 'left', 'down', 'left', 'down', 'grip']"
134,grip,[12  8],[12  8],W,center,blue,5,2.226302146911621,"['right', 'right', 'up', 'right', 'grip']"
135,grip,[15 16],[15 16],T,bottom right,magenta,14,6.3165082931518555,"['down', 'down', 'down', 'down', 'down', 'right', 'right', 'right', 'right', 'down', 'down', 'right', 'right', 'grip']"
136,grip,[5 4],[5 4],W,top left,magenta,10,4.541089057922363,"['up', 'up', 'up', 'up', 'left', 'left', 'up', 'left', 'left', 'grip']"
137,grip,[16  9],[16  9],P,right,magenta,8,3.4830474853515625,"['right', 'right', 'right', 'right', 'right', 'right', 'right', 'grip']"
138,grip,[ 8 13],[ 8 13],X,bottom,magenta,6,2.6549034118652344,"['down', 'down', 'down', 'left', 'down', 'grip']"
139,grip,[9 7],[9 7],W,center,yellow,3,1.3996484279632568,"['up', 'up', 'grip']"
140,grip,[14 14],[14 14],W,bottom right,blue,11,4.752472877502441,"['down', 'right', 'right', 'down', 'down', 'right', 'down', 'right', 'down', 'right', 'grip']"
141,grip,[6 3],[6 3],U,top,cyan,10,4.338578701019287,"['up', 'up', 'up', 'up', 'up', 'left', 'left', 'up', 'left', 'grip']"
142,grip,[12  2],[12  2],X,top,cyan,11,4.759394645690918,"['up', 'up', 'up', 'up', 'up', 'right', 'up', 'right', 'right', 'up', 'grip']"
143,grip,[2 2],[2 2],X,top left,red,15,6.4309704303741455,"['up', 'up', 'up', 'up', 'left', 'up', 'left', 'left', 'up', 'left', 'up', 'left', 'left', 'left', 'grip']"
144,grip,[6 3],[6 3],W,top,yellow,10,4.328621864318848,"['up', 'up', 'up', 'up', 'up', 'left', 'left', 'up', 'left', 'grip']"
145,grip,[ 3 10],[ 3 10],Z,left,green,8,3.49462628364563,"['left', 'left', 'left', 'left', 'left', 'left', 'down', 'grip']"
146,grip,[8 9],[8 9],P,center,red,2,0.9801027774810791,"['left', 'grip']"
147,grip,[ 7 10],[ 7 10],U,center,red,4,1.8233599662780762,"['left', 'left', 'down', 'grip']"
148,grip,[ 8 13],[ 8 13],T,bottom,cyan,6,2.66170072555542,"['down', 'down', 'down', 'left', 'down', 'grip']"
149,grip,[10  6],[10  6],X,center,yellow,5,2.2339954376220703,"['up', 'up', 'right', 'up', 'grip']"
150,grip,[4 6],[4 6],T,left,green,9,3.9307048320770264,"['up', 'left', 'left', 'up', 'left', 'up', 'left', 'left', 'grip']"
151,grip,[11  9],[11  9],W,center,green,3,1.4016695022583008,"['right', 'right', 'grip']"
152,grip,[9 4],[9 4],Z,top,red,6,2.6575019359588623,"['up', 'up', 'up', 'up', 'up', 'grip']"
153,grip,[3 6],[3 6],W,left,yellow,10,4.352205753326416,"['left', 'up', 'left', 'up', 'left', 'left', 'up', 'left', 'left', 'grip']"
154,grip,[ 5 13],[ 5 13],P,bottom left,red,9,3.8967738151550293,"['left', 'left', 'down', 'down', 'down', 'left', 'left', 'down', 'grip']"
155,grip,[11  4],[11  4],T,top,cyan,8,3.4755020141601562,"['up', 'up', 'up', 'up', 'right', 'right', 'up', 'grip']"
156,grip,[ 9 11],[10 11],Z,center,red,3,1.3898465633392334,"['down', 'down', 'grip']"
157,grip,[12  5],[12  5],Z,top,green,8,3.4785497188568115,"['up', 'up', 'up', 'right', 'up', 'right', 'right', 'grip']"
158,grip,[ 3 16],[ 3 16],X,bottom left,red,14,5.9808197021484375,"['down', 'down', 'down', 'down', 'left', 'left', 'down', 'left', 'left', 'down', 'down', 'left', 'left', 'grip']"
159,grip,[14 16],[14 16],X,bottom right,red,13,5.599626302719116,"['down', 'down', 'down', 'down', 'right', 'right', 'right', 'down', 'down', 'right', 'down', 'right', 'grip']"
160,grip,[6 8],[6 8],T,center,green,5,2.2496910095214844,"['up', 'left', 'left', 'left', 'grip']"
161,grip,[13  8],[13  8],P,right,red,6,2.671093225479126,"['right', 'right', 'right', 'up', 'right', 'grip']"
162,grip,[13 13],[13 13],U,bottom right,yellow,9,3.927762031555176,"['down', 'down', 'right', 'right', 'down', 'right', 'down', 'right', 'grip']"
163,grip,[9 4],[9 4],U,top,green,6,2.667734384536743,"['up', 'up', 'up', 'up', 'up', 'grip']"
164,grip,[6 4],[6 4],P,top,green,9,3.9279630184173584,"['up', 'up', 'up', 'left', 'up', 'left', 'up', 'left', 'grip']"
165,grip,[11  7],[11  7],Z,center,blue,5,2.2451353073120117,"['up', 'right', 'up', 'right', 'grip']"
166,grip,[ 8 16],[ 8 16],T,bottom,yellow,9,3.9421656131744385,"['down', 'down', 'down', 'down', 'down', 'down', 'down', 'left', 'grip']"
167,grip,[7 7],[7 7],P,center,cyan,5,2.2418923377990723,"['up', 'left', 'up', 'left', 'grip']"
168,grip,[6 7],[6 7],T,center,magenta,6,2.652618646621704,"['up', 'left', 'up', 'left', 'left', 'grip']"
169,grip,[4 8],[4 8],U,left,magenta,7,3.072148323059082,"['left', 'left', 'left', 'left', 'up', 'left', 'grip']"
170,grip,[ 4 11],[ 4 11],T,left,green,8,3.502146005630493,"['left', 'left', 'left', 'left', 'down', 'left', 'down', 'grip']"
171,grip,[ 6 16],[ 6 16],X,bottom,blue,11,4.747924327850342,"['down', 'down', 'down', 'down', 'down', 'left', 'down', 'down', 'left', 'left', 'grip']"
172,grip,[15  5],[15  5],X,top right,magenta,11,4.98130464553833,"['up', 'right', 'up', 'up', 'right', 'right', 'right', 'right', 'up', 'right', 'grip']"
173,grip,[ 9 15],[ 9 15],W,bottom,green,7,3.071291446685791,"['down', 'down', 'down', 'down', 'down', 'down', 'grip']"
174,grip,[15 10],[15 10],Z,right,cyan,8,3.4829206466674805,"['right', 'right', 'right', 'right', 'right', 'right', 'down', 'grip']"
175,grip,[ 6 16],[ 6 16],T,bottom,blue,11,4.7746970653533936,"['down', 'down', 'down', 'down', 'left', 'down', 'left', 'down', 'down', 'left', 'grip']"
176,grip,[ 2 14],[ 2 14],Z,bottom left,yellow,13,5.607995271682739,"['down', 'left', 'left', 'left', 'down', 'left', 'down', 'left', 'down', 'left', 'down', 'left', 'grip']"
177,grip,[4 5],[4 5],U,top left,cyan,10,4.569833517074585,"['up', 'up', 'up', 'left', 'left', 'left', 'up', 'left', 'left', 'grip']"
178,grip,[ 7 16],[ 7 16],X,bottom,magenta,10,4.341308116912842,"['down', 'down', 'down', 'down', 'down', 'down', 'left', 'down', 'left', 'grip']"
179,grip,[15  2],[15  2],W,top right,red,14,6.057107448577881,"['up', 'up', 'up', 'up', 'right', 'right', 'up', 'right', 'right', 'up', 'right', 'up', 'right', 'grip']"
180,grip,[12  5],[12  5],Z,top,cyan,8,3.5082170963287354,"['up', 'up', 'up', 'right', 'right', 'up', 'right', 'grip']"
181,grip,[10 12],[10 12],P,center,cyan,5,2.2436041831970215,"['down', 'down', 'down', 'right', 'grip']"
182,grip,[ 2 14],[ 2 14],W,bottom left,red,13,5.609052896499634,"['left', 'left', 'left', 'down', 'left', 'down', 'down', 'left', 'down', 'left', 'down', 'left', 'grip']"
183,grip,[8 6],[8 6],U,center,yellow,5,2.2455828189849854,"['up', 'up', 'up', 'left', 'grip']"
184,grip,[11  8],[11  8],W,center,cyan,4,1.8138842582702637,"['right', 'up', 'right', 'grip']"
185,grip,[16  9],[16  9],U,right,yellow,8,3.488194465637207,"['right', 'right', 'right', 'right', 'right', 'right', 'right', 'grip']"
186,grip,[15  6],[15  6],P,right,magenta,10,4.337048053741455,"['right', 'up', 'right', 'right', 'up', 'right', 'up', 'right', 'right', 'grip']"
187,grip,[12  5],[12  5],U,top,red,8,3.4834043979644775,"['up', 'up', 'up', 'right', 'up', 'right', 'right', 'grip']"
188,grip,[16 14],[16 14],P,bottom right,magenta,13,5.869256496429443,"['down', 'right', 'right', 'down', 'right', 'right', 'down', 'down', 'right', 'down', 'right', 'right', 'grip']"
189,grip,[7 5],[7 5],T,top,blue,7,3.052950382232666,"['up', 'up', 'up', 'left', 'up', 'left', 'grip']"
190,grip,[ 8 12],[ 8 12],U,center,cyan,5,2.233962059020996,"['down', 'down', 'left', 'down', 'grip']"
191,grip,[15 16],[15 16],W,bottom right,blue,14,5.995396614074707,"['down', 'down', 'down', 'down', 'right', 'right', 'right', 'right', 'down', 'down', 'down', 'right', 'right', 'grip']"
192,grip,[10  8],[10  8],Z,center,red,3,1.3857660293579102,"['up', 'right', 'grip']"
193,grip,[ 5 14],[ 5 14],Z,bottom left,red,10,4.316475868225098,"['down', 'down', 'left', 'left', 'left', 'down', 'down', 'left', 'down', 'grip']"
194,grip,[10  2],[10  2],W,top,red,9,3.921396017074585,"['up', 'up', 'up', 'up', 'up', 'up', 'up', 'right', 'grip']"
195,grip,[13  6],[13  6],X,right,green,8,3.50526762008667,"['up', 'right', 'right', 'right', 'up', 'right', 'up', 'grip']"
196,grip,[6 4],[6 4],U,top,red,9,3.9256889820098877,"['up', 'up', 'up', 'up', 'left', 'left', 'up', 'left', 'grip']"
197,grip,[ 3 10],[ 3 10],P,left,red,8,3.5199246406555176,"['left', 'left', 'left', 'left', 'left', 'left', 'down', 'grip']"
198,grip,[13  6],[13  6],T,right,magenta,8,3.5077121257781982,"['up', 'up', 'right', 'right', 'right', 'up', 'right', 'grip']"
199,grip,[ 6 16],[ 6 16],P,bottom,cyan,11,4.769295930862427,"['down', 'down', 'down', 'down', 'down', 'left', 'down', 'down', 'left', 'left', 'grip']"
200,grip,[ 6 13],[ 6 13],T,bottom,magenta,8,3.4939138889312744,"['down', 'down', 'down', 'left', 'left', 'left', 'down', 'grip']"
201,grip,[10 13],[10 13],U,bottom,green,6,2.6474461555480957,"['down', 'down', 'down', 'down', 'right', 'grip']"
202,grip,[ 4 15],[ 4 15],X,bottom left,magenta,12,5.417464971542358,"['down', 'down', 'down', 'left', 'left', 'down', 'left', 'left', 'down', 'down', 'left', 'grip']"
203,grip,[2 9],[2 9],P,left,green,8,3.500195264816284,"['left', 'left', 'left', 'left', 'left', 'left', 'left', 'grip']"
204,grip,[8 9],[8 9],W,center,magenta,2,0.9783477783203125,"['left', 'grip']"
205,grip,[15 16],[15 16],U,bottom right,green,14,6.004513502120972,"['down', 'down', 'down', 'down', 'right', 'right', 'down', 'right', 'down', 'right', 'right', 'down', 'right', 'grip']"
206,grip,[6 5],[6 5],P,top,magenta,8,3.499290943145752,"['up', 'left', 'up', 'up', 'left', 'up', 'left', 'grip']"
207,grip,[ 8 13],[ 8 13],W,bottom,blue,6,2.669703483581543,"['down', 'down', 'down', 'down', 'left', 'grip']"
208,grip,[7 5],[7 5],U,top,green,7,3.1007678508758545,"['up', 'up', 'up', 'left', 'up', 'left', 'grip']"
209,grip,[16 13],[16 13],X,bottom right,yellow,12,5.175457000732422,"['right', 'right', 'right', 'down', 'down', 'right', 'right', 'down', 'right', 'down', 'right', 'grip']"
210,grip,[ 6 13],[ 6 13],W,bottom,magenta,8,3.49090576171875,"['down', 'down', 'left', 'down', 'left', 'down', 'left', 'grip']"
211,grip,[14  6],[14  6],Z,right,yellow,9,3.9404385089874268,"['right', 'right', 'right', 'up', 'up', 'right', 'up', 'right', 'grip']"
212,grip,[15 16],[15 16],Z,bottom right,red,14,6.011234283447266,"['down', 'down', 'down', 'down', 'right', 'right', 'right', 'right', 'down', 'down', 'right', 'down', 'right', 'grip']"
213,grip,[12  5],[12  5],X,top,magenta,8,3.505927801132202,"['up', 'up', 'up', 'right', 'right', 'up', 'right', 'grip']"
214,grip,[ 3 10],[ 3 10],T,left,yellow,8,3.501154661178589,"['left', 'left', 'left', 'left', 'left', 'left', 'down', 'grip']"
215,grip,[9 4],[9 4],Z,top,blue,6,2.6646931171417236,"['up', 'up', 'up', 'up', 'up', 'grip']"
216,grip,[8 6],[8 6],X,center,magenta,5,2.2467355728149414,"['up', 'up', 'up', 'left', 'grip']"
217,grip,[4 2],[4 2],W,top left,magenta,13,5.8901238441467285,"['up', 'up', 'up', 'up', 'left', 'up', 'left', 'up', 'left', 'up', 'left', 'left', 'grip']"
218,grip,[ 9 10],[ 9 10],X,center,magenta,2,0.9772927761077881,"['down', 'grip']"
219,grip,[ 6 13],[ 6 13],P,bottom,yellow,8,3.5026917457580566,"['down', 'left', 'down', 'left', 'down', 'down', 'left', 'grip']"
220,grip,[ 7 16],[ 7 16],U,bottom,blue,10,4.353554964065552,"['down', 'down', 'down', 'down', 'down', 'down', 'left', 'left', 'down', 'grip']"
221,grip,[16 13],[16 13],Z,bottom right,magenta,12,5.457525253295898,"['right', 'right', 'right', 'down', 'down', 'right', 'down', 'right', 'right', 'down', 'right', 'grip']"
222,grip,[12  5],[12  5],T,top,green,8,3.5156590938568115,"['up', 'up', 'up', 'right', 'right', 'up', 'right', 'grip']"
223,grip,[ 3 16],[ 3 16],U,bottom left,magenta,14,6.328192472457886,"['left', 'down', 'down', 'down', 'down', 'left', 'left', 'down', 'left', 'down', 'down', 'left', 'left', 'grip']"
224,grip,[ 8 10],[ 8 10],Z,center,red,3,1.4061036109924316,"['left', 'down', 'grip']"
225,grip,[8 3],[8 3],W,top,green,8,3.50567626953125,"['up', 'up', 'up', 'up', 'up', 'up', 'left', 'grip']"
226,grip,[10 10],[10 10],X,center,yellow,3,1.4057872295379639,"['down', 'right', 'grip']"
227,grip,[13 14],[13 14],P,bottom right,green,10,4.3387932777404785,"['down', 'down', 'right', 'down', 'right', 'right', 'down', 'right', 'down', 'grip']"
228,grip,[11  4],[11  4],X,top,cyan,8,3.487877607345581,"['up', 'up', 'up', 'right', 'up', 'right', 'up', 'grip']"
229,grip,[4 8],[4 8],P,left,cyan,7,3.0665838718414307,"['left', 'left', 'left', 'left', 'up', 'left', 'grip']"
230,grip,[6 5],[6 5],Z,top,blue,8,3.5144171714782715,"['up', 'up', 'left', 'up', 'left', 'up', 'left', 'grip']"
231,grip,[13  5],[13  5],T,top right,green,9,3.90594744682312,"['up', 'up', 'up', 'right', 'right', 'right', 'up', 'right', 'grip']"
232,grip,[10  3],[10  3],X,top,red,8,3.510662078857422,"['up', 'up', 'up', 'up', 'up', 'right', 'up', 'grip']"
233,grip,[8 6],[8 6],X,center,yellow,5,2.2283337116241455,"['up', 'up', 'up', 'left', 'grip']"
234,grip,[9 4],[9 4],T,top,red,6,2.6491289138793945,"['up', 'up', 'up', 'up', 'up', 'grip']"
235,grip,[11  4],[11  4],Z,top,cyan,8,3.4738035202026367,"['up', 'up', 'up', 'up', 'right', 'up', 'right', 'grip']"
236,grip,[12  3],[12  3],T,top,green,10,4.3300840854644775,"['up', 'up', 'up', 'up', 'up', 'right', 'right', 'up', 'right', 'grip']"
237,grip,[3 7],[3 7],X,left,cyan,9,3.882505178451538,"['left', 'left', 'left', 'up', 'left', 'up', 'left', 'left', 'grip']"
238,grip,[ 3 11],[ 3 11],X,left,green,9,3.943107843399048,"['left', 'left', 'left', 'left', 'down', 'left', 'down', 'left', 'grip']"
239,grip,[3 4],[3 4],T,top left,yellow,12,5.149527072906494,"['up', 'up', 'left', 'up', 'left', 'up', 'left', 'up', 'left', 'left', 'left', 'grip']"
240,grip,[14  6],[14  6],U,right,red,9,3.909473419189453,"['right', 'right', 'right', 'up', 'up', 'right', 'up', 'right', 'grip']"
241,grip,[16 13],[16 13],T,bottom right,red,12,5.172006845474243,"['right', 'right', 'right', 'right', 'down', 'right', 'down', 'right', 'down', 'down', 'right', 'grip']"
242,grip,[11  9],[11  9],X,center,yellow,3,1.3953285217285156,"['right', 'right', 'grip']"
243,grip,[12  5],[12  5],W,top,blue,8,3.4791414737701416,"['up', 'right', 'up', 'up', 'right', 'up', 'right', 'grip']"
244,grip,[ 6 14],[ 6 14],W,bottom,green,9,3.9157328605651855,"['down', 'down', 'left', 'down', 'left', 'down', 'down', 'left', 'grip']"
245,grip,[13 16],[13 16],Z,bottom right,green,12,5.154188632965088,"['down', 'down', 'down', 'down', 'down', 'right', 'down', 'right', 'right', 'down', 'right', 'grip']"
246,grip,[4 4],[4 4],X,top left,yellow,11,4.727626323699951,"['up', 'up', 'left', 'up', 'left', 'left', 'up', 'left', 'up', 'left', 'grip']"
247,grip,[ 9 11],[ 9 11],Z,center,blue,3,1.3987603187561035,"['down', 'down', 'grip']"
248,grip,[15  8],[15  8],X,right,blue,8,3.490051031112671,"['right', 'right', 'right', 'right', 'right', 'right', 'up', 'grip']"
249,grip,[8 5],[8 5],P,top,magenta,6,2.6376497745513916,"['up', 'up', 'up', 'up', 'left', 'grip']"
250,grip,[5 2],[5 2],X,top left,red,12,5.1485395431518555,"['up', 'up', 'up', 'up', 'left', 'up', 'left', 'left', 'up', 'left', 'up', 'grip']"
251,grip,[ 2 12],[ 2 12],W,left,cyan,11,4.730769395828247,"['left', 'left', 'left', 'left', 'left', 'down', 'down', 'left', 'left', 'down', 'grip']"
252,grip,[12  8],[12  8],X,center,yellow,5,2.2452962398529053,"['right', 'right', 'up', 'right', 'grip']"
253,grip,[ 3 16],[ 3 16],P,bottom left,cyan,14,6.289454936981201,"['down', 'down', 'down', 'left', 'down', 'left', 'left', 'down', 'down', 'left', 'left', 'down', 'left', 'grip']"
254,grip,[ 8 13],[ 8 13],P,bottom,magenta,6,2.6495471000671387,"['down', 'down', 'down', 'left', 'down', 'grip']"
255,grip,[12 11],[12 11],X,center,magenta,6,2.655555248260498,"['right', 'down', 'right', 'down', 'right', 'grip']"
256,grip,[15  5],[15  5],T,top right,yellow,11,4.766538143157959,"['up', 'up', 'right', 'right', 'right', 'up', 'right', 'right', 'up', 'right', 'grip']"
257,grip,[2 6],[2 6],T,left,yellow,11,4.738482713699341,"['left', 'left', 'up', 'left', 'left', 'up', 'up', 'left', 'left', 'left', 'grip']"
258,grip,[ 2 16],[ 2 16],X,bottom left,yellow,15,6.398704290390015,"['left', 'down', 'left', 'down', 'down', 'left', 'down', 'left', 'down', 'down', 'left', 'down', 'left', 'left', 'grip']"
259,grip,[7 5],[7 5],W,top,blue,7,3.081280469894409,"['up', 'up', 'up', 'up', 'left', 'left', 'grip']"
260,grip,[16  5],[16  5],U,top right,green,12,5.2099645137786865,"['right', 'up', 'up', 'right', 'up', 'right', 'right', 'right', 'up', 'right', 'right', 'grip']"
261,grip,[12 14],[12 14],U,bottom,blue,9,3.9246485233306885,"['down', 'down', 'down', 'right', 'down', 'right', 'down', 'right', 'grip']"
262,grip,[ 2 16],[ 2 16],U,bottom left,magenta,15,6.755500555038452,"['left', 'down', 'down', 'left', 'down', 'down', 'left', 'down', 'left', 'left', 'down', 'left', 'left', 'down', 'grip']"
263,grip,[4 4],[4 4],U,top left,yellow,11,4.732081413269043,"['up', 'up', 'up', 'left', 'left', 'up', 'left', 'up', 'left', 'left', 'grip']"
264,grip,[ 6 13],[ 6 13],X,bottom,magenta,8,3.488337278366089,"['down', 'down', 'left', 'down', 'left', 'down', 'left', 'grip']"
265,grip,[8 6],[8 6],W,center,magenta,5,2.234394073486328,"['up', 'up', 'up', 'left', 'grip']"
266,grip,[14 15],[14 15],X,bottom right,red,12,5.165280818939209,"['down', 'down', 'down', 'right', 'right', 'down', 'right', 'down', 'right', 'down', 'right', 'grip']"
267,grip,[5 2],[5 2],P,top left,magenta,12,5.408148527145386,"['up', 'up', 'up', 'up', 'left', 'up', 'up', 'left', 'left', 'up', 'left', 'grip']"
268,grip,[ 2 10],[ 2 10],T,left,yellow,9,3.9214305877685547,"['left', 'left', 'left', 'left', 'left', 'left', 'left', 'down', 'grip']"
269,grip,[8 3],[8 3],Z,top,yellow,8,3.5109949111938477,"['up', 'up', 'up', 'up', 'up', 'up', 'left', 'grip']"
270,grip,[4 7],[4 7],T,left,cyan,8,3.5224051475524902,"['up', 'left', 'left', 'up', 'left', 'left', 'left', 'grip']"
271,grip,[16  9],[16  9],T,right,cyan,8,3.522615909576416,"['right', 'right', 'right', 'right', 'right', 'right', 'right', 'grip']"
272,grip,[13 11],[13 11],U,right,green,7,3.0839173793792725,"['right', 'right', 'down', 'right', 'right', 'down', 'grip']"
273,grip,[3 7],[3 7],U,left,cyan,9,3.909726142883301,"['left', 'left', 'left', 'up', 'up', 'left', 'left', 'left', 'grip']"
274,grip,[13  4],[13  4],U,top right,red,10,4.343477487564087,"['up', 'up', 'up', 'right', 'up', 'right', 'right', 'right', 'up', 'grip']"
275,grip,[3 7],[3 7],Z,left,red,9,3.9165005683898926,"['left', 'left', 'left', 'up', 'left', 'up', 'left', 'left', 'grip']"
276,grip,[3 2],[3 2],P,top left,cyan,14,6.3008081912994385,"['up', 'up', 'up', 'up', 'up', 'left', 'left', 'up', 'left', 'left', 'up', 'left', 'left', 'grip']"
277,grip,[16 12],[16 12],P,right,magenta,11,4.736021995544434,"['right', 'right', 'right', 'right', 'down', 'down', 'right', 'right', 'down', 'right', 'grip']"
278,grip,[6 2],[6 2],T,top,magenta,11,4.7311692237854,"['up', 'up', 'up', 'up', 'up', 'left', 'up', 'up', 'left', 'left', 'grip']"
279,grip,[ 2 12],[ 2 12],P,left,red,11,4.739486217498779,"['left', 'left', 'left', 'left', 'left', 'down', 'down', 'left', 'left', 'down', 'grip']"
280,grip,[10  7],[10  7],Z,center,yellow,4,1.8093810081481934,"['up', 'up', 'right', 'grip']"
281,grip,[14 15],[14 15],P,bottom right,red,12,5.15699028968811,"['down', 'down', 'down', 'right', 'right', 'down', 'right', 'right', 'down', 'down', 'right', 'grip']"
282,grip,[10 15],[10 15],P,bottom,yellow,8,3.4884910583496094,"['down', 'down', 'down', 'down', 'down', 'down', 'right', 'grip']"
283,grip,[6 8],[6 8],X,center,magenta,5,2.229001045227051,"['left', 'up', 'left', 'left', 'grip']"
284,grip,[ 6 14],[ 6 14],U,bottom,cyan,9,3.92002010345459,"['down', 'down', 'down', 'left', 'down', 'left', 'down', 'left', 'grip']"
285,grip,[12 14],[12 14],W,bottom,blue,9,3.923421621322632,"['down', 'down', 'right', 'right', 'right', 'down', 'down', 'down', 'grip']"
286,grip,[11  8],[11  8],P,center,cyan,4,1.8061087131500244,"['right', 'up', 'right', 'grip']"
287,grip,[6 5],[6 5],P,top,green,8,3.504082202911377,"['up', 'up', 'left', 'up', 'left', 'up', 'left', 'grip']"
288,grip,[3 8],[3 8],X,left,green,8,3.5128281116485596,"['left', 'left', 'left', 'left', 'up', 'left', 'left', 'grip']"
289,grip,[ 4 11],[ 4 11],W,left,blue,8,3.5127599239349365,"['left', 'left', 'left', 'left', 'down', 'down', 'left', 'grip']"
290,grip,[10  8],[10  8],P,center,red,3,1.4021589756011963,"['up', 'right', 'grip']"
291,grip,[15 11],[15 11],X,right,red,9,3.904932975769043,"['right', 'right', 'right', 'right', 'down', 'right', 'down', 'right', 'grip']"
292,grip,[10 13],[10 13],Z,bottom,red,6,2.6463260650634766,"['down', 'down', 'down', 'down', 'right', 'grip']"
293,grip,[2 3],[2 3],X,top left,cyan,14,6.297884941101074,"['up', 'up', 'up', 'left', 'up', 'up', 'left', 'left', 'left', 'up', 'left', 'left', 'left', 'grip']"
294,grip,[ 2 16],[ 2 16],P,bottom left,cyan,15,6.733025789260864,"['down', 'down', 'down', 'left', 'left', 'down', 'left', 'down', 'left', 'down', 'left', 'down', 'left', 'left', 'grip']"
295,grip,[ 9 15],[ 9 15],X,bottom,yellow,7,3.0694642066955566,"['down', 'down', 'down', 'down', 'down', 'down', 'grip']"
296,grip,[9 7],[9 7],Z,center,red,3,1.3837759494781494,"['up', 'up', 'grip']"
297,grip,[10  2],[10  2],U,top,magenta,9,3.8930745124816895,"['up', 'up', 'up', 'up', 'up', 'up', 'up', 'right', 'grip']"
298,grip,[16 14],[16 14],Z,bottom right,cyan,13,5.854263067245483,"['down', 'right', 'right', 'right', 'down', 'right', 'down', 'down', 'right', 'right', 'down', 'right', 'grip']"
299,grip,[11  4],[11  4],Z,top,red,8,3.48148512840271,"['up', 'up', 'up', 'up', 'right', 'up', 'right', 'grip']"
300,grip,[ 2 12],[ 2 12],T,left,yellow,11,4.732345819473267,"['left', 'left', 'left', 'left', 'left', 'left', 'left', 'down', 'down', 'down', 'grip']"
301,grip,[16 14],[16 14],U,bottom right,cyan,13,5.84660005569458,"['down', 'right', 'right', 'down', 'right', 'down', 'down', 'right', 'right', 'right', 'down', 'right', 'grip']"
302,grip,[13  6],[13  6],W,right,yellow,8,3.4893057346343994,"['right', 'right', 'up', 'right', 'up', 'right', 'up', 'grip']"
303,grip,[11  6],[11  6],P,center,magenta,6,2.6480624675750732,"['up', 'up', 'right', 'up', 'right', 'grip']"
304,grip,[12  8],[12  8],Z,center,magenta,5,2.2270357608795166,"['up', 'right', 'right', 'right', 'grip']"
305,grip,[11 13],[11 13],T,bottom,cyan,7,3.0545380115509033,"['down', 'down', 'down', 'right', 'down', 'right', 'grip']"
306,grip,[13 16],[13 16],P,bottom right,cyan,12,5.421883583068848,"['down', 'down', 'down', 'down', 'down', 'down', 'right', 'right', 'down', 'right', 'right', 'grip']"
307,grip,[2 2],[2 2],P,top left,yellow,15,6.425626754760742,"['up', 'up', 'up', 'up', 'left', 'up', 'left', 'up', 'left', 'left', 'up', 'left', 'left', 'left', 'grip']"
308,grip,[ 9 10],[ 9 10],P,center,green,2,0.9769093990325928,"['down', 'grip']"
309,grip,[16  7],[16  7],X,right,blue,10,4.340327024459839,"['right', 'right', 'right', 'right', 'right', 'right', 'up', 'up', 'right', 'grip']"
310,grip,[13 11],[13 11],Z,right,red,7,3.0794568061828613,"['right', 'right', 'right', 'down', 'down', 'right', 'grip']"
311,grip,[16  9],[16  9],T,right,blue,8,3.5058343410491943,"['right', 'right', 'right', 'right', 'right', 'right', 'right', 'grip']"
312,grip,[12 14],[12 14],X,bottom,magenta,9,3.9064202308654785,"['down', 'down', 'down', 'right', 'right', 'down', 'down', 'right', 'grip']"
313,grip,[2 6],[2 6],T,left,magenta,11,4.7728118896484375,"['up', 'left', 'left', 'left', 'up', 'left', 'up', 'left', 'left', 'left', 'grip']"
314,grip,[ 8 14],[ 8 14],W,bottom,magenta,7,3.071441650390625,"['down', 'down', 'down', 'down', 'down', 'left', 'grip']"
315,grip,[15 10],[15 10],W,right,blue,8,3.485107183456421,"['right', 'right', 'right', 'right', 'right', 'right', 'down', 'grip']"
316,grip,[16  7],[16  7],U,right,yellow,10,4.315350294113159,"['right', 'right', 'right', 'right', 'right', 'up', 'up', 'right', 'right', 'grip']"
317,grip,[15  5],[15  5],U,top right,yellow,11,4.736191987991333,"['up', 'up', 'right', 'right', 'up', 'right', 'right', 'right', 'up', 'right', 'grip']"
318,grip,[11  6],[11  6],X,center,magenta,6,2.649613380432129,"['up', 'right', 'up', 'right', 'up', 'grip']"
319,grip,[ 8 13],[ 8 13],Z,bottom,magenta,6,2.6466150283813477,"['down', 'down', 'down', 'down', 'left', 'grip']"
320,grip,[ 3 10],[ 3 10],W,left,cyan,8,3.468907356262207,"['left', 'left', 'left', 'left', 'left', 'left', 'down', 'grip']"
321,grip,[14 14],[14 14],X,bottom right,green,11,4.7304699420928955,"['down', 'right', 'down', 'right', 'down', 'right', 'down', 'right', 'down', 'right', 'grip']"
322,grip,[ 6 14],[ 6 14],Z,bottom,cyan,9,3.8908512592315674,"['down', 'down', 'left', 'down', 'left', 'down', 'left', 'down', 'grip']"
323,grip,[ 8 10],[ 8 10],X,center,blue,3,1.3927371501922607,"['left', 'down', 'grip']"
324,grip,[4 2],[4 2],T,top left,blue,13,5.58009147644043,"['up', 'up', 'up', 'up', 'up', 'up', 'left', 'left', 'left', 'up', 'left', 'left', 'grip']"
325,grip,[8 8],[8 8],P,center,magenta,3,1.397101879119873,"['up', 'left', 'grip']"
326,grip,[15 12],[15 12],X,right,yellow,10,4.322191953659058,"['right', 'right', 'right', 'right', 'down', 'right', 'down', 'down', 'right', 'grip']"
327,grip,[11 15],[11 15],P,bottom,red,9,3.9109885692596436,"['down', 'down', 'down', 'down', 'right', 'down', 'down', 'right', 'grip']"
328,grip,[13  6],[13  6],P,right,yellow,8,3.4789628982543945,"['up', 'right', 'right', 'up', 'right', 'right', 'up', 'grip']"
329,grip,[13 11],[13 11],P,right,magenta,7,3.047358989715576,"['right', 'right', 'down', 'right', 'down', 'right', 'grip']"
330,grip,[2 5],[2 5],Z,top left,red,12,5.159735679626465,"['up', 'left', 'left', 'up', 'left', 'up', 'left', 'left', 'left', 'up', 'left', 'grip']"
331,grip,[ 6 10],[ 6 10],P,center,cyan,5,2.2215447425842285,"['left', 'left', 'left', 'down', 'grip']"
332,grip,[3 7],[3 7],P,left,cyan,9,3.9035818576812744,"['left', 'left', 'up', 'left', 'left', 'up', 'left', 'left', 'grip']"
333,grip,[ 8 12],[ 8 12],X,center,magenta,5,2.2321412563323975,"['down', 'down', 'down', 'left', 'grip']"
334,grip,[7 5],[7 5],U,top,magenta,7,3.070805311203003,"['up', 'up', 'up', 'up', 'left', 'left', 'grip']"
335,grip,[9 8],[9 8],P,center,yellow,2,0.9740967750549316,"['up', 'grip']"
336,grip,[12  8],[12  8],W,center,blue,5,2.2254552841186523,"['right', 'right', 'up', 'right', 'grip']"
337,grip,[11 10],[11 10],W,center,blue,4,1.8088831901550293,"['right', 'right', 'down', 'grip']"
338,grip,[12  2],[12  2],Z,top,green,11,4.7552289962768555,"['up', 'up', 'up', 'up', 'up', 'up', 'right', 'up', 'right', 'right', 'grip']"
339,grip,[16  9],[16  9],T,right,cyan,8,3.4644532203674316,"['right', 'right', 'right', 'right', 'right', 'right', 'right', 'grip']"
340,grip,[15  2],[15  2],T,top right,cyan,14,6.283819675445557,"['up', 'up', 'up', 'up', 'up', 'right', 'up', 'right', 'right', 'right', 'right', 'up', 'right', 'grip']"
341,grip,[13 14],[13 14],X,bottom right,blue,10,4.302691221237183,"['down', 'down', 'right', 'down', 'right', 'down', 'right', 'right', 'down', 'grip']"
342,grip,[16  7],[16  7],U,right,red,10,4.308489799499512,"['right', 'right', 'right', 'right', 'right', 'up', 'up', 'right', 'right', 'grip']"
343,grip,[8 5],[8 5],T,top,magenta,6,2.6315085887908936,"['up', 'up', 'up', 'up', 'left', 'grip']"
344,grip,[16 13],[16 13],U,bottom right,green,13,5.69231390953064,"['right', 'down', 'right', 'right', 'down right', 'down', 'right', 'down', 'down', 'right', 'right', 'right', 'grip']"
345,grip,[ 2 14],[ 2 14],U,bottom left,yellow,13,5.570521593093872,"['left', 'left', 'left', 'down', 'left', 'down', 'down', 'left', 'down', 'left', 'down', 'left', 'grip']"
346,grip,[ 4 11],[ 4 11],X,left,red,8,3.4919729232788086,"['left', 'left', 'left', 'down', 'left', 'down', 'left', 'grip']"
347,grip,[ 6 10],[ 6 10],T,center,magenta,5,2.2294180393218994,"['left', 'left', 'left', 'down', 'grip']"
348,grip,[12  8],[12  8],T,center,magenta,5,2.2302534580230713,"['right', 'up', 'right', 'right', 'grip']"
349,grip,[14 15],[14 15],W,bottom right,red,12,5.154451370239258,"['down', 'down', 'down', 'right', 'down', 'right', 'right', 'down', 'right', 'down', 'right', 'grip']"
350,grip,[3 4],[3 4],U,top left,red,12,5.1533567905426025,"['up', 'up', 'up', 'left', 'up', 'left', 'left', 'up', 'left', 'left', 'left', 'grip']"
351,grip,[5 7],[5 7],P,left,green,7,3.094419002532959,"['left', 'up', 'left', 'left', 'up', 'left', 'grip']"
352,grip,[14  3],[14  3],P,top right,blue,12,5.155380964279175,"['up', 'up', 'up', 'right', 'up', 'up', 'right', 'right', 'right', 'up', 'right', 'grip']"
353,grip,[4 8],[4 8],W,left,green,7,3.064434051513672,"['left', 'left', 'left', 'left', 'up', 'left', 'grip']"
354,grip,[16 13],[16 13],Z,bottom right,yellow,12,5.145994186401367,"['right', 'right', 'right', 'right', 'down', 'right', 'down', 'down', 'right', 'down', 'right', 'grip']"
355,grip,[ 6 16],[ 6 16],W,bottom,blue,11,4.744506359100342,"['down', 'down', 'down', 'down', 'left', 'down', 'down', 'left', 'left', 'down', 'grip']"
356,grip,[16 12],[16 12],W,right,red,11,4.746474027633667,"['right', 'right', 'right', 'right', 'down', 'down', 'right', 'right', 'down', 'right', 'grip']"
357,grip,[9 8],[9 8],U,center,cyan,2,0.9707880020141602,"['up', 'grip']"
358,grip,[6 7],[6 7],P,center,magenta,6,2.64750075340271,"['up', 'left', 'up', 'left', 'left', 'grip']"
359,grip,[15 12],[15 12],W,right,cyan,10,4.3430495262146,"['right', 'right', 'right', 'down', 'right', 'down', 'right', 'down', 'right', 'grip']"
360,grip,[ 2 13],[ 2 13],T,bottom left,magenta,12,5.449681997299194,"['left', 'left', 'left', 'left', 'left', 'down', 'down', 'down', 'left', 'left', 'down', 'grip']"
361,grip,[14  6],[14  6],X,right,cyan,9,3.914607286453247,"['right', 'right', 'right', 'up', 'up', 'right', 'up', 'right', 'grip']"
362,grip,[10  7],[10  7],Z,center,red,4,1.8068151473999023,"['up', 'up', 'right', 'grip']"
363,grip,[ 6 13],[ 6 13],X,bottom,green,8,3.4902024269104004,"['down', 'down', 'left', 'down', 'left', 'down', 'left', 'grip']"
364,grip,[3 4],[3 4],X,top left,cyan,12,5.427534580230713,"['up', 'up', 'up', 'left', 'up', 'left', 'left', 'up', 'left', 'left', 'left', 'grip']"
365,grip,[13 10],[13 10],P,right,yellow,6,2.652214527130127,"['right', 'right', 'right', 'right', 'down', 'grip']"
366,grip,[ 7 14],[ 7 14],T,bottom,magenta,8,3.4817581176757812,"['down', 'down', 'down', 'down', 'left', 'left', 'down', 'grip']"
367,grip,[16  3],[16  3],X,top right,red,14,5.981696844100952,"['up', 'up', 'right', 'up', 'right', 'right', 'up', 'right', 'up', 'right', 'right', 'up', 'right', 'grip']"
368,grip,[16  6],[16  6],Z,right,red,11,4.750540733337402,"['right', 'right', 'right', 'right', 'up', 'right', 'up', 'up', 'right', 'right', 'grip']"
369,grip,[ 8 13],[ 8 13],X,bottom,yellow,6,2.6633245944976807,"['down', 'down', 'down', 'left', 'down', 'grip']"
370,grip,[10 11],[10 11],T,center,yellow,4,1.8064086437225342,"['down', 'down', 'right', 'grip']"
371,grip,[ 2 15],[ 2 15],X,bottom left,blue,14,5.9747490882873535,"['left', 'down', 'left', 'left', 'down', 'down', 'down', 'left', 'left', 'down', 'left', 'down', 'left', 'grip']"
372,grip,[ 8 16],[ 8 16],Z,bottom,yellow,9,3.900482177734375,"['down', 'down', 'down', 'down', 'down', 'down', 'left', 'down', 'grip']"
373,grip,[14  8],[14  8],Z,right,red,7,3.0665338039398193,"['right', 'right', 'right', 'right', 'up', 'right', 'grip']"
374,grip,[11  9],[11  9],W,center,cyan,3,1.3880064487457275,"['right', 'right', 'grip']"
375,grip,[ 9 15],[ 9 15],X,bottom,cyan,7,3.0619797706604004,"['down', 'down', 'down', 'down', 'down', 'down', 'grip']"
376,grip,[ 7 11],[ 7 11],X,center,red,5,2.2255184650421143,"['down', 'left', 'down', 'left', 'grip']"
377,grip,[8 9],[8 9],P,center,green,2,0.9702596664428711,"['left', 'grip']"
378,grip,[ 9 15],[ 9 15],P,bottom,cyan,7,3.0787758827209473,"['down', 'down', 'down', 'down', 'down', 'down', 'grip']"
379,grip,[15 11],[15 11],W,right,blue,9,3.9194629192352295,"['right', 'right', 'right', 'right', 'down', 'down', 'right', 'right', 'grip']"
380,grip,[14  2],[14  2],X,top right,yellow,13,5.574628114700317,"['up', 'up', 'up', 'up', 'up', 'right', 'right', 'up', 'right', 'right', 'up', 'right', 'grip']"
381,grip,[11  8],[11  8],T,center,red,4,1.8072047233581543,"['right', 'right', 'up', 'grip']"
382,grip,[16 16],[16 16],Z,bottom right,red,15,6.419910907745361,"['down', 'down', 'right', 'down', 'right', 'right', 'down', 'right', 'down', 'down', 'right', 'right', 'down', 'right', 'grip']"
383,grip,[11  8],[11  8],P,center,green,4,1.7909770011901855,"['right', 'up', 'right', 'grip']"
384,grip,[ 8 10],[ 8 10],P,center,green,3,1.392937421798706,"['left', 'down', 'grip']"
385,grip,[11 10],[11 10],Z,center,cyan,4,1.7971632480621338,"['right', 'down', 'right', 'grip']"
386,grip,[ 7 14],[ 7 14],U,bottom,blue,8,3.4860994815826416,"['down', 'down', 'down', 'down', 'left', 'left', 'down', 'grip']"
387,grip,[ 2 14],[ 2 14],T,bottom left,blue,13,5.574957847595215,"['left', 'left', 'left', 'down', 'down', 'left', 'down', 'left', 'down', 'left', 'left', 'down', 'grip']"
388,grip,[15  2],[15  2],U,top right,blue,14,6.007308483123779,"['up', 'up', 'up', 'up', 'up', 'right', 'up', 'right', 'right', 'right', 'right', 'up', 'right', 'grip']"
389,grip,[8 3],[8 3],W,top,red,8,3.4842796325683594,"['up', 'up', 'up', 'up', 'up', 'up', 'left', 'grip']"
390,grip,[ 8 15],[ 8 15],T,bottom,green,8,3.4877278804779053,"['down', 'down', 'down', 'down', 'down', 'left', 'down', 'grip']"
391,grip,[ 8 16],[ 8 16],U,bottom,magenta,9,3.8799262046813965,"['down', 'down', 'down', 'down', 'down', 'down', 'left', 'down', 'grip']"
392,grip,[ 8 13],[ 8 13],T,bottom,yellow,6,2.643045425415039,"['down', 'down', 'down', 'left', 'down', 'grip']"
393,grip,[11 13],[11 13],P,bottom,cyan,7,3.0703158378601074,"['down', 'down', 'down', 'right', 'down', 'right', 'grip']"
394,grip,[16 13],[16 13],Z,bottom right,magenta,13,5.984560251235962,"['right', 'right', 'down', 'right', 'down right', 'right', 'down', 'down', 'right', 'down', 'right', 'right', 'grip']"
395,grip,[11  8],[11  8],Z,center,magenta,4,1.8218133449554443,"['right', 'up', 'right', 'grip']"
396,grip,[13  7],[13  7],X,right,green,7,3.075111150741577,"['right', 'right', 'right', 'up', 'right', 'up', 'grip']"
397,grip,[ 5 12],[ 5 12],T,left,blue,8,3.507993221282959,"['left', 'left', 'down', 'left', 'down', 'left', 'down', 'grip']"
398,grip,[13  8],[13  8],T,right,magenta,6,2.663896083831787,"['right', 'right', 'right', 'up', 'right', 'grip']"
399,grip,[14  2],[14  2],P,top right,blue,13,5.580564498901367,"['up', 'up', 'up', 'up', 'up', 'right', 'right', 'up', 'right', 'up', 'right', 'right', 'grip']"
400,grip,[ 7 14],[ 7 14],X,bottom,yellow,8,3.5129566192626953,"['down', 'down', 'down', 'down', 'left', 'down', 'left', 'grip']"
401,grip,[ 6 10],[ 6 10],Z,center,green,5,2.234009265899658,"['left', 'left', 'down', 'left', 'grip']"
402,grip,[ 3 10],[ 3 10],Z,left,blue,8,3.480482339859009,"['left', 'left', 'left', 'left', 'left', 'left', 'down', 'grip']"
403,grip,[ 7 15],[ 7 15],T,bottom,cyan,9,3.919501781463623,"['down', 'down', 'down', 'down', 'down', 'left', 'down', 'left', 'grip']"
404,grip,[13 15],[13 15],X,bottom right,cyan,11,4.964945316314697,"['down', 'down', 'down', 'down', 'down', 'right', 'right', 'right', 'down', 'right', 'grip']"
405,grip,[14  6],[14  6],U,right,yellow,9,3.899021625518799,"['right', 'up', 'right', 'right', 'up', 'right', 'up', 'right', 'grip']"
406,grip,[10  7],[10  7],P,center,green,4,1.8041253089904785,"['up', 'right', 'up', 'grip']"
407,grip,[10 10],[10 10],P,center,cyan,3,1.3934931755065918,"['down', 'right', 'grip']"
408,grip,[11  4],[11  4],W,top,magenta,8,3.4868929386138916,"['up', 'up', 'up', 'up', 'right', 'up', 'right', 'grip']"
409,grip,[10 14],[10 14],U,bottom,yellow,7,3.06856107711792,"['down', 'down', 'down', 'down', 'down', 'right', 'grip']"
410,grip,[ 7 16],[ 7 16],Z,bottom,cyan,10,4.332234621047974,"['down', 'down', 'down', 'down', 'down', 'left', 'down', 'down', 'left', 'grip']"
411,grip,[13  4],[13  4],P,top right,blue,10,4.332895755767822,"['up', 'up', 'up', 'up', 'right', 'right', 'up', 'right', 'right', 'grip']"
412,grip,[16  8],[16  8],P,right,red,9,3.8984336853027344,"['right', 'right', 'right', 'right', 'right', 'up', 'right', 'right', 'grip']"
413,grip,[ 8 10],[ 8 10],T,center,cyan,3,1.3877904415130615,"['left', 'down', 'grip']"
414,grip,[12 10],[12 10],P,center,magenta,5,2.229686975479126,"['right', 'right', 'down', 'right', 'grip']"
415,grip,[14  3],[14  3],T,top right,blue,12,5.1561808586120605,"['up', 'up', 'up', 'up', 'right', 'up', 'right', 'right', 'up', 'right', 'right', 'grip']"
416,grip,[10 16],[10 16],X,bottom,green,9,3.9563231468200684,"['down', 'down', 'down', 'down', 'down', 'down', 'down', 'right', 'grip']"
417,grip,[10  3],[10  3],P,top,yellow,8,3.51399302482605,"['up', 'up', 'up', 'up', 'up', 'right', 'up', 'grip']"
418,grip,[16 12],[16 12],X,right,green,11,4.7542195320129395,"['right', 'right', 'right', 'right', 'down', 'down', 'right', 'right', 'down', 'right', 'grip']"
419,grip,[12 11],[12 11],W,center,yellow,6,2.649021863937378,"['right', 'right', 'down', 'down', 'right', 'grip']"
420,grip,[8 5],[8 5],T,top,green,6,2.655557632446289,"['up', 'up', 'up', 'up', 'left', 'grip']"
421,grip,[6 7],[6 7],T,center,green,6,2.6530568599700928,"['up', 'left', 'up', 'left', 'left', 'grip']"
422,grip,[10 11],[10 11],X,center,yellow,4,1.8035154342651367,"['down', 'down', 'right', 'grip']"
423,grip,[ 2 14],[ 2 14],X,bottom left,blue,13,5.583730220794678,"['left', 'left', 'down', 'left', 'down', 'down', 'left', 'left', 'down', 'left', 'left', 'down', 'grip']"
424,grip,[ 5 15],[ 5 15],Z,bottom left,green,11,4.702191591262817,"['down', 'down', 'left', 'down', 'down', 'left', 'down', 'left', 'left', 'down', 'grip']"
425,grip,[13 11],[13 11],Z,right,magenta,7,3.0581560134887695,"['right', 'right', 'down', 'right', 'down', 'right', 'grip']"
426,grip,[10 13],[10 13],U,bottom,magenta,6,2.6446423530578613,"['down', 'down', 'down', 'down', 'right', 'grip']"
427,grip,[15  8],[15  8],Z,right,yellow,8,3.4824323654174805,"['right', 'right', 'right', 'right', 'right', 'up', 'right', 'grip']"
428,grip,[3 8],[3 8],W,left,red,8,3.491959810256958,"['left', 'left', 'left', 'left', 'up', 'left', 'left', 'grip']"
429,grip,[11  6],[11  6],P,center,yellow,6,2.652217149734497,"['up', 'right', 'up', 'right', 'up', 'grip']"
430,grip,[13 16],[13 16],Z,bottom right,red,12,5.168539762496948,"['down', 'down', 'down', 'down', 'right', 'right', 'down', 'down', 'right', 'down', 'right', 'grip']"
431,grip,[12 12],[12 12],U,center,cyan,7,3.067028284072876,"['down', 'down', 'right', 'right', 'down', 'right', 'grip']"
432,grip,[ 2 14],[ 2 14],T,bottom left,yellow,13,5.581727504730225,"['left', 'left', 'left', 'left', 'down', 'down', 'left', 'down', 'down', 'left', 'down', 'left', 'grip']"
433,grip,[6 3],[6 3],T,top,green,10,4.342587471008301,"['up', 'up', 'up', 'up', 'up', 'left', 'left', 'up', 'left', 'grip']"
434,grip,[ 2 12],[ 2 12],U,left,red,11,4.769012451171875,"['left', 'left', 'left', 'left', 'down', 'left', 'down', 'left', 'down', 'left', 'grip']"
435,grip,[14 14],[14 14],T,bottom right,magenta,11,4.990305662155151,"['down', 'down', 'right', 'right', 'down', 'right', 'right', 'down', 'right', 'down', 'grip']"
436,grip,[15  5],[15  5],U,top right,green,11,4.739750862121582,"['up', 'up', 'right', 'right', 'right', 'up', 'right', 'up', 'right', 'right', 'grip']"
437,grip,[9 3],[9 3],W,top,red,7,3.071011543273926,"['up', 'up', 'up', 'up', 'up', 'up', 'grip']"
438,grip,[ 5 10],[ 5 10],T,left,green,6,2.658281087875366,"['left', 'left', 'left', 'left', 'down', 'grip']"
439,grip,[2 3],[2 3],T,top left,yellow,14,6.01524543762207,"['up', 'up', 'up', 'left', 'up', 'left', 'up', 'left', 'up', 'left', 'left', 'left', 'left', 'grip']"
440,grip,[10 16],[10 16],T,bottom,green,9,3.9252922534942627,"['down', 'down', 'down', 'down', 'down', 'down', 'down', 'right', 'grip']"
441,grip,[5 7],[5 7],W,left,red,7,3.070256233215332,"['left', 'up', 'left', 'left', 'up', 'left', 'grip']"
442,grip,[5 2],[5 2],X,top left,green,12,5.172210693359375,"['up', 'up', 'up', 'up', 'up', 'up', 'left', 'left', 'left', 'left', 'up', 'grip']"
443,grip,[14  6],[14  6],X,right,blue,9,3.914463996887207,"['right', 'right', 'up', 'right', 'right', 'up', 'right', 'up', 'grip']"
444,grip,[9 3],[9 3],T,top,green,7,3.0699303150177,"['up', 'up', 'up', 'up', 'up', 'up', 'grip']"
445,grip,[15  9],[15  9],U,right,blue,7,3.048863172531128,"['right', 'right', 'right', 'right', 'right', 'right', 'grip']"
446,grip,[14 14],[14 14],W,bottom right,yellow,11,4.741485357284546,"['down', 'right', 'down', 'right', 'down', 'right', 'down', 'right', 'down', 'right', 'grip']"
447,grip,[15  2],[15  2],P,top right,red,14,6.007941246032715,"['up', 'up', 'up', 'up', 'right', 'up', 'right', 'right', 'up', 'right', 'right', 'up', 'right', 'grip']"
448,grip,[14  7],[14  7],U,right,green,8,3.480687141418457,"['right', 'right', 'right', 'right', 'up', 'up', 'right', 'grip']"
449,grip,[2 3],[2 3],Z,top left,cyan,14,6.3406617641448975,"['up', 'up', 'left', 'up', 'up', 'left', 'up', 'left', 'left', 'left', 'up', 'left', 'left', 'grip']"
450,grip,[8 6],[8 6],P,center,green,5,2.24259614944458,"['up', 'up', 'up', 'left', 'grip']"
451,grip,[ 7 13],[ 7 13],X,bottom,cyan,7,3.070613145828247,"['down', 'down', 'left', 'down', 'left', 'down', 'grip']"
452,grip,[15  9],[15  9],P,right,magenta,7,3.0609261989593506,"['right', 'right', 'right', 'right', 'right', 'right', 'grip']"
453,grip,[ 9 11],[ 9 11],W,center,magenta,3,1.4015169143676758,"['down', 'down', 'grip']"
454,grip,[5 4],[5 4],P,top left,magenta,10,4.541826009750366,"['up', 'up', 'up', 'up', 'left', 'left', 'up', 'left', 'left', 'grip']"
455,grip,[ 7 11],[ 7 11],X,center,yellow,5,2.2265963554382324,"['left', 'down', 'down', 'left', 'grip']"
456,grip,[16  9],[16  9],P,right,green,8,3.504303455352783,"['right', 'right', 'right', 'right', 'right', 'right', 'right', 'grip']"
457,grip,[ 2 14],[ 2 14],W,bottom left,cyan,13,5.870726108551025,"['left', 'left', 'left', 'left', 'down', 'down', 'down', 'left', 'down', 'left', 'down', 'left', 'grip']"
458,grip,[14 15],[14 15],T,bottom right,magenta,12,5.421945571899414,"['down', 'down', 'down', 'right', 'down', 'right', 'right', 'down', 'right', 'down', 'right', 'grip']"
459,grip,[5 3],[5 3],W,top left,blue,11,4.758031129837036,"['up', 'up', 'up', 'up', 'up', 'left', 'left', 'left', 'up', 'left', 'grip']"
460,grip,[10  2],[10  2],Z,top,magenta,9,3.8871264457702637,"['up', 'up', 'up', 'up', 'up', 'up', 'up', 'right', 'grip']"
461,grip,[ 9 15],[ 9 15],P,bottom,magenta,7,3.0615451335906982,"['down', 'down', 'down', 'down', 'down', 'down', 'grip']"
462,grip,[11  8],[11  8],X,center,yellow,4,1.8332858085632324,"['right', 'up', 'right', 'grip']"
463,grip,[11 13],[11 13],W,bottom,magenta,7,3.066023111343384,"['down', 'down', 'down', 'right', 'right', 'down', 'grip']"
464,grip,[12 14],[12 14],Z,bottom,green,9,3.9273836612701416,"['down', 'down', 'down', 'right', 'right', 'down', 'down', 'right', 'grip']"
465,grip,[14  3],[14  3],U,top right,red,12,5.130717039108276,"['up', 'up', 'up', 'up', 'right', 'up', 'right', 'right', 'right', 'right', 'up', 'grip']"
466,grip,[2 3],[2 3],X,top left,green,14,5.992993354797363,"['up', 'up', 'up', 'up', 'left', 'left', 'up', 'left', 'left', 'up', 'left', 'left', 'left', 'grip']"
467,grip,[3 7],[3 7],T,left,magenta,9,3.8901209831237793,"['left', 'left', 'up', 'left', 'up', 'left', 'left', 'left', 'grip']"
468,grip,[3 4],[3 4],T,top left,blue,12,5.163979768753052,"['up', 'up', 'up', 'left', 'left', 'up', 'left', 'up', 'left', 'left', 'left', 'grip']"
469,grip,[15  6],[15  6],W,right,green,10,4.345115900039673,"['right', 'right', 'right', 'up', 'right', 'up', 'right', 'up', 'right', 'grip']"
470,grip,[ 5 11],[ 5 11],W,left,blue,7,3.0844037532806396,"['left', 'left', 'left', 'down', 'down', 'left', 'grip']"
471,grip,[6 8],[6 8],P,center,magenta,5,2.2374303340911865,"['left', 'up', 'left', 'left', 'grip']"
472,grip,[8 8],[8 8],P,center,red,3,1.3899154663085938,"['up', 'left', 'grip']"
473,grip,[4 2],[4 2],U,top left,yellow,13,5.587785243988037,"['up', 'up', 'up', 'up', 'left', 'up', 'left', 'up', 'left', 'up', 'left', 'left', 'grip']"
474,grip,[10 11],[10 11],U,center,magenta,4,1.8139379024505615,"['down', 'down', 'right', 'grip']"
475,grip,[10  6],[10  6],W,center,green,5,2.234402894973755,"['up', 'up', 'right', 'up', 'grip']"
476,grip,[10  7],[10  7],W,center,cyan,4,1.809206247329712,"['up', 'up', 'right', 'grip']"
477,grip,[ 6 13],[ 6 13],X,bottom,green,8,3.4949538707733154,"['down', 'left', 'down', 'down', 'left', 'down', 'left', 'grip']"
478,grip,[4 9],[4 9],P,left,yellow,6,2.6549599170684814,"['left', 'left', 'left', 'left', 'left', 'grip']"
479,grip,[ 8 15],[ 8 15],U,bottom,blue,8,3.4697937965393066,"['down', 'down', 'down', 'down', 'down', 'left', 'down', 'grip']"
480,grip,[12 12],[12 12],U,center,green,7,3.0811092853546143,"['down', 'right', 'down', 'down', 'right', 'right', 'grip']"
481,grip,[ 4 15],[ 4 15],W,bottom left,blue,12,5.147784948348999,"['down', 'left', 'left', 'down', 'down', 'left', 'left', 'down', 'down', 'left', 'down', 'grip']"
482,grip,[4 7],[4 7],W,left,green,8,3.481926202774048,"['up', 'left', 'left', 'left', 'up', 'left', 'left', 'grip']"
483,grip,[6 2],[6 2],Z,top,green,11,4.757501840591431,"['up', 'up', 'up', 'up', 'up', 'up', 'left', 'left', 'up', 'left', 'grip']"
484,grip,[ 5 15],[ 5 15],W,bottom left,blue,11,4.723912000656128,"['down', 'down', 'down', 'left', 'left', 'left', 'down', 'down', 'down', 'left', 'grip']"
485,grip,[15 11],[15 11],Z,right,cyan,9,3.8871350288391113,"['right', 'right', 'right', 'right', 'right', 'down', 'right', 'down', 'grip']"
486,grip,[ 8 13],[ 8 13],X,bottom,green,6,2.640415668487549,"['down', 'down', 'down', 'left', 'down', 'grip']"
487,grip,[13  6],[13  6],U,right,cyan,8,3.4842019081115723,"['right', 'up', 'right', 'up', 'right', 'up', 'right', 'grip']"
488,grip,[12 10],[12 10],Z,center,cyan,5,2.220796585083008,"['right', 'right', 'right', 'down', 'grip']"
489,grip,[15  2],[15  2],W,top right,magenta,14,6.263969421386719,"['up', 'up', 'up', 'right', 'up', 'up', 'right', 'right', 'up', 'right', 'right', 'up', 'right', 'grip']"
490,grip,[ 4 11],[ 4 11],Z,left,blue,8,3.487811803817749,"['left', 'left', 'left', 'left', 'down', 'left', 'down', 'grip']"
491,grip,[5 3],[5 3],U,top left,green,11,4.742541551589966,"['up', 'up', 'up', 'up', 'left', 'up', 'left', 'up', 'left', 'left', 'grip']"
492,grip,[13 14],[13 14],X,bottom right,cyan,10,4.535443305969238,"['down', 'down', 'right', 'down', 'down', 'right', 'right', 'down', 'right', 'grip']"
493,grip,[4 6],[4 6],P,left,cyan,9,3.896549940109253,"['left', 'up', 'left', 'up', 'left', 'left', 'up', 'left', 'grip']"
494,grip,[6 8],[6 8],U,center,blue,5,2.2372207641601562,"['left', 'up', 'left', 'left', 'grip']"
495,grip,[16  8],[16  8],P,right,yellow,9,3.9002978801727295,"['right', 'right', 'right', 'right', 'right', 'right', 'up', 'right', 'grip']"
496,grip,[ 7 15],[ 7 15],W,bottom,green,9,3.9322094917297363,"['down', 'down', 'down', 'down', 'down', 'down', 'left', 'left', 'grip']"
497,grip,[ 8 13],[ 8 13],Z,bottom,cyan,6,2.6533820629119873,"['down', 'down', 'down', 'left', 'down', 'grip']"
498,grip,[4 7],[4 7],W,left,magenta,8,3.4820621013641357,"['left', 'up', 'left', 'left', 'up', 'left', 'left', 'grip']"
499,grip,[11  9],[11  9],P,center,blue,3,1.3893022537231445,"['right', 'right', 'grip']"
500,grip,[ 2 16],[ 2 16],W,bottom left,blue,15,6.444604396820068,"['left', 'down', 'down', 'left', 'down', 'left', 'down', 'down', 'down', 'left', 'left', 'left', 'down', 'left', 'grip']"
501,up,[ 2 -4],[3 2],P,top left,blue,20,8.38341999053955,"['up', 'up', 'up', 'left', 'up', 'left', 'up', 'up', 'left', 'left', 'left', 'up', 'left', 'left', 'up', 'up', 'up', 'up', 'up', 'up']"
502,grip,[8 9],[8 9],W,center,red,2,0.9789600372314453,"['left', 'grip']"
503,grip,[4 4],[4 4],W,top left,magenta,11,4.994001150131226,"['up', 'left', 'up', 'up', 'up', 'left', 'left', 'left', 'up', 'left', 'grip']"
504,grip,[ 5 11],[ 5 11],T,left,red,7,3.06885027885437,"['left', 'left', 'left', 'down', 'left', 'down', 'grip']"
505,grip,[7 7],[7 7],X,center,yellow,5,2.2374982833862305,"['up', 'up', 'left', 'left', 'grip']"
506,grip,[13 14],[13 14],Z,bottom right,yellow,10,4.338000297546387,"['down', 'down', 'down', 'right', 'down', 'right', 'right', 'down', 'right', 'grip']"
507,grip,[6 4],[6 4],X,top,yellow,9,3.9029486179351807,"['up', 'up', 'up', 'left', 'up', 'left', 'up', 'left', 'grip']"
508,grip,[13  6],[13  6],X,right,red,8,3.47224497795105,"['right', 'up', 'right', 'right', 'up', 'right', 'up', 'grip']"
509,grip,[8 2],[8 2],U,top,yellow,9,3.8920774459838867,"['up', 'up', 'up', 'up', 'up', 'up', 'up', 'left', 'grip']"
510,grip,[ 2 15],[ 2 15],W,bottom left,magenta,14,6.2899088859558105,"['left', 'down', 'left', 'left', 'down', 'down', 'left', 'down', 'down', 'left', 'left', 'down', 'left', 'grip']"
511,grip,[ 2 14],[ 2 14],U,bottom left,yellow,13,5.561262607574463,"['left', 'left', 'left', 'left', 'down', 'down', 'down', 'down', 'left', 'left', 'down', 'left', 'grip']"
512,grip,[ 7 13],[ 7 13],T,bottom,blue,7,3.0793821811676025,"['down', 'down', 'down', 'left', 'left', 'down', 'grip']"
513,grip,[14 15],[14 15],U,bottom right,cyan,12,5.418809652328491,"['down', 'down', 'down', 'down', 'down', 'right', 'right', 'right', 'right', 'down', 'right', 'grip']"
514,grip,[8 7],[8 7],U,center,green,4,1.8110246658325195,"['up', 'up', 'left', 'grip']"
515,grip,[ 9 11],[ 9 11],X,center,yellow,3,1.3948297500610352,"['down', 'down', 'grip']"
516,grip,[7 5],[7 5],W,top,yellow,7,3.0728073120117188,"['up', 'up', 'up', 'up', 'left', 'left', 'grip']"
517,grip,[10 14],[10 14],X,bottom,green,7,3.0781867504119873,"['down', 'down', 'down', 'down', 'right', 'down', 'grip']"
518,grip,[12  3],[12  3],X,top,yellow,10,4.325817346572876,"['up', 'up', 'up', 'up', 'right', 'up', 'right', 'up', 'right', 'grip']"
519,grip,[6 7],[6 7],X,center,magenta,6,2.647183418273926,"['up', 'left', 'up', 'left', 'left', 'grip']"
520,grip,[14  8],[14  8],Z,right,magenta,7,3.067502021789551,"['right', 'right', 'right', 'right', 'up', 'right', 'grip']"
521,grip,[9 3],[9 3],X,top,green,7,3.0544586181640625,"['up', 'up', 'up', 'up', 'up', 'up', 'grip']"
522,grip,[14  6],[14  6],W,right,magenta,9,3.902163028717041,"['right', 'up', 'right', 'right', 'right', 'up', 'up', 'right', 'grip']"
523,grip,[16  9],[16  9],Z,right,blue,8,3.4885904788970947,"['right', 'right', 'right', 'right', 'right', 'right', 'right', 'grip']"
524,grip,[ 9 11],[ 9 11],T,center,green,3,1.3965048789978027,"['down', 'down', 'grip']"
525,grip,[11  8],[11  8],W,center,cyan,4,1.80135178565979,"['right', 'up', 'right', 'grip']"
526,grip,[16 14],[16 14],P,bottom right,red,13,5.592984199523926,"['down', 'right', 'right', 'down', 'right', 'right', 'down', 'right', 'down', 'down', 'right', 'right', 'grip']"
527,grip,[3 6],[3 6],U,left,blue,10,4.335804462432861,"['left', 'up', 'left', 'up', 'up', 'left', 'left', 'left', 'left', 'grip']"
528,grip,[14 15],[14 15],X,bottom right,green,12,5.148623466491699,"['down', 'down', 'down', 'right', 'right', 'down', 'right', 'down', 'right', 'down', 'right', 'grip']"
529,grip,[4 9],[4 9],P,left,red,6,2.6465208530426025,"['left', 'left', 'left', 'left', 'left', 'grip']"
530,grip,[16  9],[16  9],W,right,magenta,8,3.481149435043335,"['right', 'right', 'right', 'right', 'right', 'right', 'right', 'grip']"
531,grip,[4 4],[4 4],Z,top left,green,11,4.73486065864563,"['up', 'up', 'up', 'left', 'left', 'up', 'left', 'left', 'up', 'left', 'grip']"
532,grip,[9 8],[9 8],W,center,blue,2,0.9790904521942139,"['up', 'grip']"
533,grip,[16  9],[16  9],U,right,yellow,8,3.511542797088623,"['right', 'right', 'right', 'right', 'right', 'right', 'right', 'grip']"
534,grip,[ 3 10],[ 3 10],X,left,red,8,3.533341646194458,"['left', 'left', 'left', 'left', 'left', 'down', 'left', 'grip']"
535,grip,[13 12],[13 12],U,right,green,8,3.4880785942077637,"['down', 'right', 'right', 'down', 'right', 'down', 'right', 'grip']"
536,grip,[ 3 15],[ 3 15],X,bottom left,red,13,5.567617654800415,"['down', 'left', 'down', 'left', 'left', 'down', 'down', 'left', 'down', 'left', 'down', 'left', 'grip']"
537,grip,[9 7],[9 7],U,center,blue,3,1.3917372226715088,"['up', 'up', 'grip']"
538,grip,[16  8],[16  8],U,right,blue,9,3.8910303115844727,"['right', 'right', 'right', 'right', 'right', 'right', 'up', 'right', 'grip']"
539,grip,[13  6],[13  6],T,right,red,8,3.492842674255371,"['up', 'right', 'up', 'right', 'right', 'up', 'right', 'grip']"
